Rwanda,Tsingtao,2753-08-10 16:20:54Z
Iran,Heineken,2764-04-07 15:33:54Z
Cambodia,SunnyD,5694-02-07 01:32:33Z
Greece,Tsingtao,7951-03-15 21:31:25Z
Liberia,Deep River Rock,7397-01-09 15:57:46Z
Lebanon,Bacardi,6788-09-12 19:01:08Z
Slovakia,Chivas Regal,6753-11-13 15:48:02Z
Slovakia,Icehouse,2003-05-03 14:13:23Z
Netherlands,Nestlé Waters,3855-05-13 16:04:38Z
Nepal,Highland Spring,9604-03-15 19:19:15Z
Canada,SunnyD,2209-04-20 11:58:51Z
Zimbabwe,Juicy Juice,8247-08-22 09:37:10Z
Kiribati,Orange Bird,6766-06-09 17:31:54Z
San Marino,Brahma,8528-08-03 07:09:26Z
Slovenia,Duvel Golden Ale,6131-01-16 00:04:25Z
Guinea,Corona,0328-05-27 09:28:57Z
Namibia,Duvel Golden Ale,6109-04-19 07:22:12Z
Israel,Orange Bird,8954-05-25 04:49:58Z
Malta,Pepsi,0625-11-09 00:35:34Z
Slovakia,SunnyD,6900-10-11 17:04:04Z
Honduras,Hennessy,9432-10-15 08:14:03Z
Central African Republic,Frooti,5984-04-09 16:54:35Z
Korea North,Agua Vida,3723-03-04 14:45:03Z
Chad,Hennessy,0795-06-03 14:03:01Z
Armenia,Evolution Fresh,9802-02-05 10:58:38Z
Argentina,Pepsi,8378-05-14 12:03:09Z
Congo,Heineken,8545-01-11 19:03:21Z
Serbia,Edelweiss,1287-06-18 10:42:39Z
Saint Kitts and Nevis,Moutai,0706-02-21 14:12:52Z
Nicaragua,Z Lager,1536-03-21 21:00:05Z
Djibouti,Bacardi,4769-10-11 21:25:51Z
Czech Republic,Moutai,8676-10-13 04:21:34Z
Saint Kitts and Nevis,Tanqueray,1481-08-29 16:13:47Z
Austria,Duvel Golden Ale,4160-02-15 06:14:13Z
Israel,Z Lager,8375-10-10 21:31:23Z
Norway,Strongbow,1704-06-19 17:44:21Z
Austria,Coca Cola,8304-04-09 06:40:56Z
Ireland,Smirnoff,4062-06-30 11:25:29Z
Nauru,Prigat,4236-03-01 08:01:05Z
Bolivia,Moutai,4449-01-29 05:22:46Z
Sri Lanka,Malibu,2381-03-04 10:11:01Z
Trinidad and Tobago,Coca Cola,9535-10-05 18:48:46Z
Malta,Guaranito,2414-04-06 10:29:14Z
Côte d’Ivoire,Orange Bird,2239-06-06 07:13:14Z
Denmark,Johnnie Walker,3145-04-09 01:04:58Z
Latvia,Guaranito,0612-01-07 01:13:50Z
Burkina Faso,Strongbow,8072-01-09 08:03:57Z
The Bahamas,Jack Daniels,4618-09-02 14:22:23Z
Congo Republic of the,Hennessy,2779-09-17 04:25:17Z
Senegal,Bacardi,5962-10-21 22:28:31Z
Poland,Evian,3741-08-29 22:51:10Z
Uzbekistan,Duvel Golden Ale,3903-09-01 08:44:08Z
Marshall Islands,Skol,0235-01-12 05:46:16Z
Niger,Strongbow,2810-09-13 20:13:50Z
Zambia,Tanqueray,2092-06-29 17:28:32Z
Honduras,Keystone Light,8622-06-03 06:40:42Z
Afghanistan,Highland Spring,0678-02-03 06:54:26Z
El Salvador,Frooti,4695-11-16 02:44:58Z
Honduras,Kool-Aid,9061-03-30 07:11:08Z
Nigeria,Cappy,1103-01-02 11:14:09Z
Malta,Jack Daniels,4345-03-23 19:06:01Z
Korea South,Martell,7519-06-29 06:38:11Z
Saint Kitts and Nevis,Jameson,4221-11-13 18:52:44Z
Liberia,Highland Spring,9669-12-07 04:29:10Z
Laos,Jack Daniels,5373-06-05 16:01:52Z
Panama,Orange Bird,3303-08-22 20:17:57Z
Vietnam,Martell,3621-05-03 10:49:34Z
Guyana,Absolut,6626-03-11 16:06:40Z
Uzbekistan,Skol,9040-11-17 08:07:39Z
Chile,Moutai,4457-01-14 05:12:09Z
China,Corona,1411-09-25 19:39:33Z
Ukraine,Prigat,2079-11-16 10:47:42Z
Serbia,Duvel Golden Ale,7424-03-13 08:57:31Z
Tunisia,Duvel Golden Ale,8355-08-27 19:58:35Z
Denmark,Edelweiss,9527-03-06 15:42:32Z
Netherlands,Moutai,9623-06-26 04:57:16Z
Marshall Islands,Chivas Regal,2957-10-19 02:49:47Z
Dominican Republic,Edelweiss,6241-04-05 04:56:11Z
Indonesia,Malibu,7939-05-16 20:43:16Z
Suriname,Guaranito,5691-12-17 12:52:24Z
Kosovo,Hennessy,5807-03-07 15:55:02Z
Belarus,Heineken,9671-05-28 10:55:34Z
San Marino,Granini,1015-12-18 00:22:43Z
Somalia,Cappy,3019-01-17 17:43:53Z
Ghana,Icehouse,0279-04-23 15:51:20Z
Barbados,Agua Vida,4917-09-27 20:28:36Z
Colombia,Malibu,3329-01-13 13:24:45Z
Italy,Coca Cola,8699-09-21 04:39:18Z
Cabo Verde,Kool-Aid,2385-10-20 19:33:05Z
Turkmenistan,SunnyD,4817-12-22 15:53:19Z
USA,Deep River Rock,3238-09-03 14:45:02Z
Algeria,Strongbow,9306-08-10 11:46:34Z
Croatia,Grolsch,3785-03-12 12:31:16Z
Venezuela,Mumm,9349-05-16 16:30:33Z
Bosnia and Herzegovina,Aquafina,3371-12-27 09:45:37Z
Guatemala,Corona,8929-03-01 00:34:20Z
Marshall Islands,Icehouse,6917-11-29 19:06:18Z
Tuvalu,Bacardi,5141-11-28 15:25:10Z
Poland,Corona,3223-10-08 04:37:21Z
Tuvalu,Kool-Aid,5545-07-15 17:30:53Z
Barbados,Bacardi,5815-09-17 06:20:13Z
Portugal,Grolsch,8048-04-01 00:05:54Z
Tanzania,Hennessy,4391-01-27 14:18:48Z
The Gambia,Coca Cola,4314-03-05 03:41:11Z
Angola,Duvel Golden Ale,9290-02-03 12:36:16Z
Niger,Bacardi,0897-05-29 18:07:24Z
Finland,Orange Bird,3479-12-07 06:57:02Z
Armenia,Johnnie Walker,4848-10-11 09:37:25Z
Indonesia,Moutai,9843-05-15 16:41:04Z
Vanuatu,Mumm,9960-05-12 08:58:24Z
United Kingdom,Martell,7702-03-05 12:13:23Z
Uganda,Cappy,0719-11-27 00:51:13Z
Papua New Guinea,Moutai,4706-09-22 08:46:01Z
Zambia,Agua Vida,2993-04-15 11:35:49Z
Romania,Deep River Rock,9788-12-01 00:19:35Z
Trinidad and Tobago,Strongbow,1092-08-09 21:57:48Z
Congo,SunnyD,4455-02-09 01:33:49Z
Yemen,Agua Vida,8978-06-12 17:14:55Z
Afghanistan,Orange Bird,7557-10-17 22:39:04Z
Singapore,Cappy,5681-01-18 21:13:09Z
Sudan,Malibu,4645-01-28 11:35:30Z
Singapore,Mumm,7846-07-20 15:06:55Z
Israel,Guaranito,3542-08-28 10:08:40Z
Qatar,Nestlé Waters,8169-04-02 00:24:14Z
Estonia,Skol,6814-04-12 00:48:10Z
Zimbabwe,Strongbow,6242-01-08 06:38:43Z
Armenia,Aquafina,2965-08-19 08:38:41Z
Botswana,Jack Daniels,9699-09-02 18:23:02Z
Burkina Faso,Z Lager,6484-12-06 20:57:40Z
Vatican City,Grolsch,3948-04-17 05:37:09Z
Estonia,Deep River Rock,7252-06-10 13:24:44Z
Korea North,Prigat,9807-04-06 14:04:16Z
Tuvalu,Corona,8858-12-18 02:52:28Z
Congo,Juicy Juice,0325-10-27 14:19:09Z
Belize,Chivas Regal,3771-05-01 21:54:15Z
Vatican City,Evolution Fresh,2345-09-24 02:31:33Z
Denmark,Mumm,5314-12-28 04:30:06Z
Macedonia,Stella Artois,5757-09-20 08:28:23Z
Libya,Budweiser,5013-01-14 21:56:36Z
Maldives,Heineken,7497-06-06 12:03:02Z
Liberia,Chivas Regal,3654-09-01 16:15:54Z
Venezuela,Edelweiss,0381-01-09 07:07:19Z
Monaco,Deep River Rock,5058-05-08 21:34:12Z
Kazakhstan,Martell,8795-08-04 22:07:40Z
Belarus,Skol,2037-10-12 14:58:19Z
Kenya,Granini,4918-03-01 11:48:07Z
Ghana,Strongbow,8473-04-20 14:19:13Z
Bhutan,Tsingtao,1076-09-07 03:57:52Z
Micronesia,Hennessy,6161-06-22 12:57:53Z
Antigua and Barbuda,Granini,2498-09-06 15:56:48Z
Uzbekistan,Skol,2745-06-26 16:28:42Z
Estonia,Frooti,2365-10-16 08:10:14Z
Mongolia,Duvel Golden Ale,8273-06-24 15:36:37Z
Kazakhstan,Highland Spring,4656-12-03 07:29:45Z
Uzbekistan,Prigat,4413-06-07 13:19:24Z
Kiribati,Deep River Rock,3922-12-09 00:54:53Z
Monaco,Johnnie Walker,0104-08-29 09:19:29Z
Philippines,Brahma,0447-10-27 08:09:02Z
Palau,Jameson,7944-09-03 14:05:21Z
Burundi,Granini,9378-09-02 11:57:11Z
Congo,Yanjing,1377-08-24 18:28:05Z
Congo Republic of the,Strongbow,0118-09-26 21:41:56Z
Panama,Heineken,2626-03-10 22:39:43Z
Mexico,Strongbow,1318-01-15 09:30:48Z
Jordan,Edelweiss,9775-12-24 00:39:30Z
Lithuania,Coca Cola,6799-04-25 18:07:04Z
Mongolia,Bud Light,2570-03-02 21:31:48Z
Sri Lanka,Evolution Fresh,7972-02-21 19:58:53Z
Egypt,Granini,7435-06-25 04:45:37Z
Macedonia,Aquafina,7306-05-31 07:11:13Z
Switzerland,Malibu,6842-11-14 11:56:15Z
Congo,Malibu,0666-12-27 04:34:48Z
Spain,Cappy,8134-08-21 07:22:21Z
El Salvador,Cappy,2717-10-14 01:55:15Z
Czech Republic,Moutai,6744-05-24 00:44:14Z
Yemen,Pepsi,6398-12-14 00:48:42Z
Iceland,Nestlé Waters,1973-05-16 12:33:11Z
Estonia,Agua Vida,8155-04-27 21:41:58Z
Kenya,Brahma,4935-03-29 08:17:24Z
Qatar,Pepsi,8727-06-17 09:42:10Z
Luxembourg,Budweiser,0428-01-30 18:48:31Z
Chile,Coca Cola,9643-08-11 02:11:49Z
Cabo Verde,Tsingtao,2102-08-09 01:13:01Z
Kyrgyzstan,Aquafina,0715-09-30 15:12:01Z
Malaysia,Smirnoff,7441-06-16 05:04:45Z
Togo,Tanqueray,8149-06-19 00:55:20Z
Central African Republic,Blue Moon,0885-03-16 06:42:14Z
Vietnam,Keystone Light,5542-09-05 14:11:48Z
Azerbaijan,Aquafina,8189-07-29 19:57:50Z
Turkmenistan,Agua Vida,0129-08-02 00:03:49Z
Niger,Absolut,3711-07-05 04:14:28Z
Sri Lanka,Evolution Fresh,5396-03-19 19:54:12Z
Bulgaria,Martell,1389-04-14 18:39:28Z
Taiwan,Stella Artois,7919-02-04 21:01:12Z
Qatar,Smirnoff,7304-10-14 22:53:02Z
Suriname,Ciroc,9681-10-13 05:28:44Z
United Arab Emirates,Bud Light,4777-06-24 01:36:02Z
Argentina,Evian,9401-05-19 14:53:47Z
Burkina Faso,Prigat,2375-01-14 12:33:55Z
Cuba,Aquafina,9381-03-13 03:14:15Z
Ghana,Deep River Rock,2399-11-11 11:31:47Z
Guyana,Bacardi,6849-06-30 08:55:49Z
Norway,Grolsch,4848-09-29 17:37:40Z
Congo,Evian,0832-08-29 21:14:36Z
Libya,Malibu,5649-02-13 00:11:36Z
Kenya,Tanqueray,5826-03-02 05:19:32Z
Libya,Cappy,7926-04-15 03:21:13Z
Switzerland,Evian,3418-09-16 09:30:10Z
Taiwan,Kool-Aid,2259-11-05 05:52:53Z
Cabo Verde,Bud Light,8294-05-07 14:40:43Z
Guyana,Budweiser,4848-10-24 01:32:13Z
Nigeria,Cappy,0663-03-11 21:55:50Z
Swaziland,Ciroc,9682-07-24 19:47:53Z
Iraq,Granini,2898-09-23 09:32:53Z
Tuvalu,Corona,8326-08-26 15:03:29Z
Uzbekistan,Heineken,0927-06-08 01:52:08Z
Japan,Pepsi,7813-06-09 02:08:42Z
Bosnia and Herzegovina,Nestlé Waters,3599-01-13 08:20:44Z
Bulgaria,Kool-Aid,0289-03-20 21:19:16Z
Kyrgyzstan,SunnyD,6646-01-28 13:40:57Z
Tuvalu,Corona,7368-05-16 13:12:44Z
Brazil,SunnyD,2452-11-09 18:06:44Z
Micronesia,Martell,2584-08-31 12:17:01Z
Turkey,Blue Moon,2278-02-02 01:43:43Z
Vanuatu,Cappy,8591-06-15 18:35:02Z
Spain,Evolution Fresh,3692-05-24 18:42:33Z
Kuwait,Nestlé Waters,3244-03-20 14:35:29Z
Comoros,Stella Artois,2000-03-19 06:47:09Z
Sri Lanka,Guinness,5541-09-09 14:02:38Z
Greece,Kool-Aid,8380-05-25 00:06:24Z
Austria,Absolut,2350-03-31 04:19:56Z
Armenia,Evian,4398-10-01 15:33:44Z
Barbados,Duvel Golden Ale,4237-08-18 16:34:36Z
Belize,Heineken,9879-07-13 15:45:42Z
Solomon Islands,SunnyD,1146-04-23 16:02:24Z
Nauru,Smirnoff,4315-05-08 20:42:37Z
Honduras,Kool-Aid,7885-12-13 05:53:28Z
Mexico,Evian,3091-07-03 18:55:06Z
San Marino,Blue Moon,7274-08-18 05:27:54Z
Sudan,Heineken,1824-10-28 11:41:28Z
Togo,Johnnie Walker,2768-02-11 00:56:34Z
Suriname,Cappy,2134-09-07 18:26:16Z
Namibia,Prigat,2804-11-16 11:57:25Z
Trinidad and Tobago,Bacardi,9033-03-25 00:27:00Z
Sudan South,Jameson,5237-08-22 11:28:30Z
Russia,Brahma,5996-01-08 06:23:13Z
Australia,Tanqueray,3804-04-02 16:27:09Z
Swaziland,Coca Cola,5762-10-14 10:22:10Z
Belgium,Duvel Golden Ale,2305-10-09 17:05:00Z
Kazakhstan,Bud Light,1983-10-06 06:19:26Z
Malawi,Malibu,2986-10-15 15:19:41Z
Hungary,Nestlé Waters,8941-01-09 01:17:15Z
Macedonia,Bacardi,2277-07-15 17:06:01Z
Haiti,Budweiser,1246-11-14 08:51:33Z
Korea South,Tanqueray,6650-09-09 13:42:33Z
Venezuela,Jack Daniels,3735-01-28 21:38:38Z
Grenada,Hennessy,1198-03-11 20:45:50Z
Argentina,Highland Spring,6316-07-10 22:40:23Z
Sierra Leone,Bud Light,7350-09-01 04:48:05Z
Jamaica,Tanqueray,9337-12-19 16:23:36Z
Sri Lanka,Orange Bird,8091-04-23 07:00:20Z
Austria,Ciroc,0318-09-17 13:52:53Z
Swaziland,Mumm,4616-10-28 06:04:16Z
Bulgaria,Evian,0300-09-16 06:47:52Z
Kenya,SunnyD,1208-10-23 06:36:56Z
Uzbekistan,Ciroc,8015-09-08 11:50:40Z
Cuba,Jack Daniels,5845-05-01 06:04:32Z
Mongolia,Hennessy,9425-07-09 19:16:15Z
Dominica,Pepsi,6342-01-16 14:47:04Z
Luxembourg,Moutai,2752-08-12 21:30:08Z
Morocco,Icehouse,5116-06-08 01:49:45Z
Algeria,Grolsch,7064-04-23 17:12:07Z
Barbados,Z Lager,2446-07-11 10:52:35Z
Sweden,Smirnoff,5808-02-22 19:38:32Z
Jamaica,Deep River Rock,3238-02-15 16:53:04Z
Trinidad and Tobago,Ciroc,4326-06-30 10:03:27Z
Cuba,Prigat,3632-10-20 03:43:51Z
Madagascar,Aquafina,8409-04-04 11:55:09Z
Uganda,Stella Artois,8726-09-06 15:57:30Z
Bangladesh,Chivas Regal,9584-12-28 21:45:45Z
Kyrgyzstan,Chivas Regal,4866-03-04 14:20:05Z
Barbados,Edelweiss,5832-06-04 17:25:35Z
San Marino,Moutai,2527-03-14 16:17:46Z
Burkina Faso,Malibu,1310-01-17 03:52:46Z
Australia,Brahma,1439-07-16 20:51:40Z
Eritrea,Orange Bird,5258-04-21 13:42:21Z
Tuvalu,Duvel Golden Ale,5084-03-17 17:47:40Z
Bangladesh,Deep River Rock,6899-12-10 06:25:12Z
Honduras,Aquafina,0839-05-20 03:14:55Z
Laos,Edelweiss,4940-04-27 15:24:36Z
Monaco,Cappy,3969-07-16 20:15:19Z
Djibouti,Z Lager,0401-09-27 20:18:20Z
Argentina,Absolut,0150-09-29 10:35:48Z
Bosnia and Herzegovina,Jack Daniels,3004-12-09 21:38:00Z
Kosovo,Strongbow,8546-03-29 13:56:26Z
Ethiopia,Tanqueray,5276-11-21 20:47:00Z
Iraq,Johnnie Walker,7961-08-22 08:11:46Z
Cabo Verde,Chivas Regal,5570-04-09 16:52:16Z
Indonesia,Heineken,6727-01-10 15:34:27Z
Angola,Juicy Juice,1442-07-11 09:16:54Z
China,Jameson,6923-01-26 13:01:35Z
Côte d’Ivoire,Grolsch,1582-06-12 00:09:54Z
Sri Lanka,Brahma,7548-02-12 11:44:15Z
Kyrgyzstan,Aquafina,4522-01-12 13:38:45Z
Sierra Leone,Heineken,1181-12-10 01:34:46Z
Ukraine,Guinness,3929-01-15 20:51:40Z
Bosnia and Herzegovina,Highland Spring,3452-09-24 21:53:29Z
Singapore,Duvel Golden Ale,0198-02-19 17:38:49Z
Burkina Faso,Malibu,2578-09-06 20:55:24Z
Dominican Republic,Guinness,8549-11-18 21:47:49Z
Spain,Moutai,7998-07-03 08:07:16Z
Rwanda,Evolution Fresh,8746-12-25 01:23:09Z
Mauritania,Tsingtao,9574-04-10 21:27:42Z
Japan,Blue Moon,5494-12-25 06:20:45Z
Rwanda,Smirnoff,9407-06-13 22:23:57Z
Uganda,Martell,7837-03-25 11:27:08Z
Poland,Brahma,7962-05-11 17:12:28Z
Syria,Z Lager,4077-08-01 02:56:26Z
Russia,Nestlé Waters,4301-04-24 03:10:45Z
Iraq,Hennessy,4184-01-16 00:49:08Z
Germany,Mumm,7537-12-20 20:13:13Z
Liberia,Granini,0338-12-31 18:14:42Z
Moldova,Juicy Juice,8153-10-20 01:19:41Z
Mongolia,Coca Cola,0450-03-27 11:30:51Z
The Bahamas,Bacardi,9883-02-10 00:13:15Z
Nauru,Bacardi,9158-07-05 15:23:39Z
Finland,Deep River Rock,4121-12-27 04:41:31Z
Myanmar,Z Lager,2813-01-15 16:12:10Z
Syria,Budweiser,8783-08-10 16:38:22Z
Egypt,SunnyD,0262-04-27 20:20:31Z
San Marino,Chivas Regal,1903-11-14 17:04:33Z
Libya,Edelweiss,6044-04-21 03:19:15Z
Iraq,Heineken,7427-04-18 11:04:51Z
South Africa,Bud Light,4738-06-23 18:03:58Z
Liechtenstein,Juicy Juice,0280-12-03 12:33:32Z
Laos,SunnyD,7141-02-13 20:55:19Z
Ecuador,Z Lager,5786-02-09 16:53:56Z
Tanzania,Malibu,9027-04-19 14:25:27Z
Cameroon,Highland Spring,7810-08-14 03:16:30Z
Seychelles,Skol,3159-05-19 04:23:03Z
Rwanda,Edelweiss,7010-04-23 01:29:27Z
The Bahamas,Granini,2414-09-26 09:09:25Z
Romania,Aquafina,9307-01-02 11:13:14Z
Egypt,Moutai,5759-12-09 12:52:57Z
Brazil,Tsingtao,5771-02-04 04:47:30Z
Norway,Evolution Fresh,2461-05-21 11:11:37Z
Montenegro,Nestlé Waters,2988-01-19 10:03:01Z
Italy,Budweiser,4185-04-02 08:50:23Z
Tanzania,Mumm,2034-05-30 01:05:37Z
China,Absolut,3894-02-05 16:17:01Z
Kiribati,Strongbow,6115-12-14 16:23:00Z
Guinea,Moutai,6881-05-20 06:15:41Z
Qatar,Z Lager,6984-03-13 12:19:38Z
Senegal,Granini,6341-07-24 03:36:14Z
Korea North,Jack Daniels,0559-07-07 14:02:12Z
Guyana,Nestlé Waters,2331-12-12 06:32:42Z
Slovakia,Tsingtao,8325-10-09 09:10:04Z
Burkina Faso,Prigat,2888-11-03 11:06:25Z
Indonesia,Duvel Golden Ale,6367-03-01 16:09:51Z
Liberia,Tanqueray,7225-09-11 08:24:26Z
Syria,Corona,7401-10-28 10:03:43Z
Dominican Republic,Johnnie Walker,1065-09-07 22:08:49Z
Côte d’Ivoire,Evolution Fresh,2422-09-09 12:26:20Z
East Timor (Timor-Leste),Malibu,8339-09-25 14:40:06Z
Tanzania,Jameson,3679-04-21 08:52:49Z
Nicaragua,Pepsi,0822-07-19 08:26:35Z
Germany,Yanjing,2265-01-25 12:01:26Z
Pakistan,Jack Daniels,7862-02-10 18:53:00Z
Belgium,Bud Light,2652-12-07 08:23:35Z
Costa Rica,Strongbow,8871-06-16 14:52:32Z
Burundi,Stella Artois,7768-03-28 06:57:05Z
Greece,Skol,7071-06-06 14:12:12Z
Singapore,Granini,7885-03-14 08:16:42Z
Jamaica,Moutai,5936-02-27 08:42:03Z
Bangladesh,Icehouse,6553-10-18 11:45:06Z
Burkina Faso,Tanqueray,3507-04-02 15:11:53Z
Brunei,Deep River Rock,9748-12-09 15:02:28Z
United Kingdom,Smirnoff,6117-03-29 01:15:58Z
Mozambique,Budweiser,0570-12-27 03:18:06Z
Syria,Juicy Juice,3891-08-15 16:41:21Z
Haiti,Edelweiss,6733-08-17 13:54:30Z
Grenada,Skol,2067-07-25 20:42:13Z
Greece,Guaranito,7336-12-30 02:03:43Z
Tonga,Jameson,3507-11-08 15:39:31Z
Cuba,Mumm,3934-09-07 05:42:11Z
Netherlands,Jack Daniels,3559-11-30 14:15:45Z
Libya,Tanqueray,0737-05-10 02:11:48Z
Sierra Leone,Duvel Golden Ale,4998-11-23 19:24:40Z
Liechtenstein,Bud Light,9489-02-13 15:15:11Z
Norway,Moutai,6108-04-30 03:32:21Z
Micronesia,Guaranito,7117-12-02 00:21:45Z
Ukraine,Ciroc,3688-01-18 22:18:20Z
Lebanon,Strongbow,3065-11-30 11:51:42Z
India,Hennessy,1429-09-27 16:50:52Z
Guyana,Aquafina,6977-02-27 03:35:28Z
Guinea-Bissau,Johnnie Walker,1500-11-11 16:57:34Z
Micronesia,Moutai,5793-03-14 16:56:16Z
Jamaica,Granini,5183-02-06 13:00:53Z
Austria,Tsingtao,8944-05-23 20:05:19Z
Morocco,Granini,7693-05-29 18:45:29Z
Palau,Tanqueray,5413-06-18 20:47:38Z
Azerbaijan,Jack Daniels,3737-12-05 16:23:06Z
Central African Republic,Kool-Aid,2513-01-29 20:23:25Z
Mongolia,Z Lager,8615-10-05 18:16:06Z
Luxembourg,Edelweiss,5771-03-12 18:28:33Z
Mozambique,Prigat,0038-04-14 01:38:15Z
Nauru,Skol,6124-09-08 20:23:03Z
Iran,Martell,0887-03-21 18:43:46Z
Saudi Arabia,Strongbow,0190-06-08 07:26:07Z
Dominica,Edelweiss,4328-09-15 10:17:31Z
Seychelles,Grolsch,4654-09-17 18:53:06Z
Bosnia and Herzegovina,Deep River Rock,6550-05-12 22:08:56Z
Côte d’Ivoire,Jameson,2561-10-14 18:15:06Z
El Salvador,Malibu,5433-02-20 18:43:07Z
Chad,Frooti,8435-08-14 20:26:22Z
Kenya,Prigat,1397-03-27 01:47:00Z
Kazakhstan,Keystone Light,2514-04-28 22:40:39Z
Switzerland,Orange Bird,2148-12-10 01:30:56Z
Ethiopia,Bud Light,0117-03-27 07:24:28Z
Kuwait,Edelweiss,6591-10-06 07:14:25Z
Mauritius,Hennessy,6115-09-24 06:09:49Z
Côte d’Ivoire,Keystone Light,7021-08-04 05:13:31Z
Saint Lucia,Blue Moon,1173-05-13 20:39:37Z
Thailand,Tsingtao,9627-01-08 20:01:37Z
Bhutan,Jameson,8778-01-23 14:05:30Z
Ecuador,Yanjing,4730-01-28 18:42:27Z
Macedonia,SunnyD,9243-05-27 08:14:45Z
Zimbabwe,Icehouse,5990-09-05 10:27:22Z
Armenia,Stella Artois,6029-12-02 00:24:44Z
Dominican Republic,Chivas Regal,1975-05-04 22:53:39Z
Lithuania,Martell,6416-08-20 04:53:57Z
Seychelles,Pepsi,3209-07-01 14:48:48Z
Zambia,Mumm,2503-11-15 04:38:24Z
Fiji,Guinness,0399-09-18 11:16:58Z
Moldova,Evian,8334-03-01 16:20:20Z
Honduras,Deep River Rock,9398-11-09 05:24:04Z
Maldives,Deep River Rock,7038-06-15 14:23:24Z
Macedonia,Keystone Light,2949-07-25 17:18:51Z
Eritrea,Prigat,7276-04-19 18:56:00Z
Jordan,Frooti,8944-04-15 15:15:34Z
Guatemala,Strongbow,6983-09-27 22:22:43Z
United Arab Emirates,Coca Cola,1358-07-15 04:03:33Z
Poland,Granini,4934-03-21 14:25:32Z
Sudan South,Evolution Fresh,0163-09-10 22:11:03Z
Costa Rica,Tsingtao,1250-07-24 21:37:55Z
Andorra,Frooti,8145-06-13 02:28:02Z
Uzbekistan,Orange Bird,3422-02-03 12:52:50Z
Finland,Evian,2332-03-17 03:04:32Z
Tunisia,Juicy Juice,0329-01-06 07:57:06Z
Bangladesh,Martell,1554-04-03 14:21:53Z
Costa Rica,Jack Daniels,8176-07-30 04:00:33Z
Malaysia,Highland Spring,9150-09-22 10:52:20Z
Australia,Ciroc,2430-02-17 03:12:51Z
Kenya,Frooti,4001-03-20 13:24:37Z
Paraguay,Bud Light,5108-02-04 16:32:18Z
Austria,Orange Bird,7234-06-25 10:55:55Z
Venezuela,Mumm,3279-03-02 15:23:29Z
Dominica,Deep River Rock,1083-02-28 15:07:48Z
Cambodia,Granini,9600-05-07 06:48:52Z
Tajikistan,Blue Moon,5480-02-24 04:17:09Z
Malawi,Pepsi,0331-09-16 13:32:48Z
Dominica,Moutai,1990-04-16 06:07:39Z
Turkey,Martell,0668-07-04 20:55:19Z
Netherlands,Budweiser,7035-07-24 15:48:08Z
Vatican City,Icehouse,2689-04-30 18:55:53Z
Serbia,SunnyD,2533-05-02 03:35:19Z
Taiwan,Blue Moon,5178-03-16 06:03:21Z
Dominica,Corona,2789-09-09 06:43:38Z
Namibia,Highland Spring,0925-01-03 04:39:03Z
Vanuatu,Grolsch,2331-10-18 20:15:56Z
Turkey,Malibu,8234-09-21 06:53:16Z
Sudan,Grolsch,5729-03-04 16:26:54Z
Côte d’Ivoire,Budweiser,1728-11-29 07:02:15Z
Ukraine,Deep River Rock,8615-06-27 14:58:20Z
Ireland,Heineken,1852-02-29 04:40:12Z
Bosnia and Herzegovina,Corona,7684-08-09 13:44:14Z
Belize,Evian,6660-02-11 00:50:21Z
Palau,Stella Artois,1536-04-26 03:23:25Z
Austria,Ciroc,3351-02-10 22:00:11Z
Georgia,Duvel Golden Ale,8094-02-13 10:29:42Z
Georgia,Budweiser,6890-02-08 08:37:50Z
Central African Republic,Yanjing,4795-08-31 21:47:42Z
Luxembourg,Aquafina,2067-01-10 11:32:52Z
Albania,Guaranito,7847-06-14 17:17:33Z
Cambodia,Ciroc,5609-11-12 13:28:48Z
Marshall Islands,Deep River Rock,8383-03-03 21:53:36Z
Gabon,Tanqueray,4720-03-07 06:01:08Z
Syria,Absolut,3254-04-05 14:22:08Z
Kuwait,Highland Spring,3746-09-15 21:16:50Z
Sweden,Strongbow,9359-04-14 02:28:29Z
United Kingdom,Corona,7682-08-08 15:28:43Z
United Arab Emirates,Z Lager,9560-07-01 13:48:49Z
Myanmar,Agua Vida,6138-06-15 14:46:19Z
Guyana,Yanjing,7343-03-17 09:34:52Z
Tonga,Nestlé Waters,7872-12-29 22:00:33Z
Sudan South,Mumm,2249-11-07 22:58:26Z
Liechtenstein,Kool-Aid,4852-09-18 13:43:43Z
Chile,Granini,7602-04-07 12:29:21Z
Zimbabwe,Kool-Aid,5493-10-23 13:51:13Z
Brazil,Guinness,9827-05-28 20:11:56Z